<?xml version="1.0" encoding="UTF-8"?>
<!DOCTYPE hibernate-mapping PUBLIC
        "-//Hibernate/Hibernate Mapping DTD 3.0//EN"
        "http://www.hibernate.org/dtd/hibernate-mapping-3.0.dtd">
<hibernate-mapping package="com.unmsm.ads.banking.domain.entities">
    <class name="BankAccount" table="bank_account">
        <id name="id" column="bank_account_id">
            <generator class="native"/>
        </id>
        <property name="number" column="number" />
        <property name="balance" column="balance"/>
        <property name="isLocked" column="locked"/>
 
        <many-to-one name="customer" class="Customer" column="customer_id" not-null="true"/>
    </class> 
</hibernate-mapping>