<beans xmlns="http://www.springframework.org/schema/beans"
	xmlns:xsi="http://www.w3.org/2001/XMLSchema-instance" xmlns:context="http://www.springframework.org/schema/context"
	xsi:schemaLocation="http://www.springframework.org/schema/beans
	http://www.springframework.org/schema/beans/spring-beans-4.3.xsd
	http://www.springframework.org/schema/context
	http://www.springframework.org/schema/context/spring-context-4.3.xsd" 
	>


	<!-- Hibernate session factory -->
	<bean id="sessionFactory"
		class="org.springframework.orm.hibernate4.LocalSessionFactoryBean">

		<property name="dataSource">
			<ref bean="dataSource" />
		</property>

		<property name="hibernateProperties">
			<props>
				<prop key="hibernate.dialect">org.hibernate.dialect.MySQLDialect</prop>
				<prop key="hibernate.show_sql">true</prop>
				<prop key="hibernate.generate_statistics">false</prop>
				<prop key="hibernate.use_sql_comments">false</prop>
				<prop key="hibernate.show_sql">false</prop>
				<prop key="hibernate.connection.autoReconnect">true</prop>
				<prop key="hibernate.connection.pool_size">10</prop>
			</props>
		</property>

		<property name="mappingResources">
			<list>
				<value>com/unmsm/ads/banking/infrastructure/repository/hibernate/settings/customer.hbm.xml
				</value>
				<value>com/unmsm/ads/banking/infrastructure/repository/hibernate/settings/bankAccount.hbm.xml
				</value>
			</list>
		</property>
	</bean>

	<context:component-scan
		base-package="com.unmsm.ads.banking.infrastructure.repository.hibernate" />

</beans>